{"train/box_loss": 0.75395, "train/cls_loss": 0.45904, "train/dfl_loss": 1.10032, "_timestamp": 1686680491.5594332, "lr/pg0": 5.673130000000004e-05, "lr/pg1": 5.673130000000004e-05, "lr/pg2": 5.673130000000004e-05, "metrics/precision(B)": 0.91935, "metrics/recall(B)": 0.9357, "metrics/mAP50(B)": 0.94048, "metrics/mAP50-95(B)": 0.57257, "val/box_loss": 1.40884, "val/cls_loss": 0.54679, "val/dfl_loss": 1.4163, "train_batch0": {"_type": "image-file", "sha256": "365795c0f73d35c00d0de93ba4608c223952a7a37d016ee2ddd8ff509980806a", "size": 384941, "path": "media/images/train_batch0_1_365795c0f73d35c00d0d.jpg", "format": "jpg", "width": 1920, "height": 1920}, "train_batch1": {"_type": "image-file", "sha256": "248eb6a71c44d39facdf7b46bd3729c2e2d9d7030be3d9f2c727952ffc7b4e49", "size": 455613, "path": "media/images/train_batch1_1_248eb6a71c44d39facdf.jpg", "format": "jpg", "width": 1920, "height": 1920}, "train_batch2": {"_type": "image-file", "sha256": "8b27354c7c05949be26ca8687a6ee71055a71b4c594730acfb0d7a5004dba799", "size": 450352, "path": "media/images/train_batch2_1_8b27354c7c05949be26c.jpg", "format": "jpg", "width": 1920, "height": 1920}, "model/parameters": 43632153, "model/GFLOPs": 0.0, "model/speed_PyTorch(ms)": 8.688, "_runtime": 5453.085129261017, "_step": 99}